{"minzoom":0,"maxzoom":9,"center":[120.585938,14.944516,9.0],"bounds":[115.0,0.0,130.0,25.0]}