{"minzoom":0,"maxzoom":8,"center":[124.453125,7.710418,8.0],"bounds":[115.0,0.0,130.0,25.0]}